{
  "id": "default",
  "name": "Default",
  "header": [
    "",
    "<gr:#4adeff:#3d8eff><bold> Welcome to the Simply Vanilla SMP!</bold></gr> ⛏ ",
    "",
    "<color:#555555><strikethrough>        </strikethrough>[ </color><color:#FF5555>%server:online%<color:#6666676>/</color>%server:max_players%</color><color:#555555> ]<strikethrough>        </strikethrough></color>",
    ""
  ],
  "footer": [
    "",
    "<color:#555555><strikethrough>                          </strikethrough></color>",
    "",
    "<gray>TPS: %server:tps_colored% <dark_gray>|</dark_gray> <gray>Ping: <color:#ffba26>%player:ping%</color>",
    ""
  ],
  "hidden": false,
  "permission": ""
}