{
  "generic": {
    "useEngInsteadOfChin": true,
    "botToken": "ODAzMTkxODE0OTAyMzgyNjMy.YA6Mqw.ZzBwFTC9iXeDkVWBzthdmJUDvOY",
    "botPlayingStatus": "The Simply Vanilla SMP https://discord.gg/7z3gGZbMm3",
    "botListeningStatus": "",
    "webhookUrl": "",
    "channelId": "926765956015988736",
    "consoleLogChannelId": "926765067498840114",
    "useUuidInsteadOfName": true,
    "avatarApi": "https://mc-heads.net/avatar/%player%.png",
    "broadcastCommandExecution": false,
    "allowMentions": true,
    "modifyChatMessages": true,
    "useServerNickname": true,
    "announceHighMspt": true,
    "msptCheckInterval": 5000,
    "msptLimit": 50,
    "mentionAdmins": true,
    "updateChannelTopic": true,
    "channelTopicUpdateInterval": 600000,
    "excludedCommands": [
      "/tell"
    ],
    "adminsIds": [
      "680767992681725963"
    ]
  },
  "multiServer": {
    "enable": false,
    "host": "127.0.0.1",
    "port": 5000,
    "name": "SMP",
    "botIds": []
  },
  "textsZH": {
    "unformattedResponseMessage": "    ┌──── <%name%> %message%",
    "unformattedChatMessage": "[%server%] <%name%> %message%",
    "unformattedOtherMessage": "[%server%] %message%",
    "formattedResponseMessage": [
      {
        "text": "    ┌──── ",
        "bold": true,
        "color": "dark_gray"
      },
      {
        "text": "<%name%> ",
        "bold": false,
        "color": "%roleColor%"
      },
      {
        "text": "%message%",
        "bold": false,
        "color": "dark_gray"
      }
    ],
    "formattedChatMessage": [
      {
        "text": "[%server%] ",
        "bold": true,
        "color": "blue"
      },
      {
        "text": "<%name%> ",
        "bold": false,
        "color": "%roleColor%"
      },
      {
        "text": "%message%",
        "bold": false,
        "color": "gray"
      }
    ],
    "formattedOtherMessage": [
      {
        "text": "[%server%] ",
        "bold": true,
        "color": "blue"
      },
      {
        "text": "%message%",
        "bold": false,
        "color": "gray"
      }
    ],
    "serverStarted": "**服务器已启动！**",
    "serverStopped": "**服务器已关闭！**",
    "joinServer": "**%playerName% 加入了服务器**",
    "leftServer": "**%playerName% 离开了服务器**",
    "deathMessage": "**%deathMessage%**",
    "advancementTask": "**%playerName% 达成了进度 [%advancement%]**",
    "advancementChallenge": "**%playerName% 完成了挑战 [%advancement%]**",
    "advancementGoal": "**%playerName% 达成了目标 [%advancement%]**",
    "highMspt": "**服务器 MSPT (%mspt%) 高于 %msptLimit%！**",
    "consoleLogMessage": "[%time%] [INFO] %message%",
    "offlineChannelTopic": ":x: 服务器离线 | 最后更新于：<t:%lastUpdateTime%:f>",
    "onlineChannelTopic": ":white_check_mark: %onlinePlayerCount%/%maxPlayerCount% 位玩家在线 | 服务器玩家总数：%uniquePlayerCount% | 服务器于 <t:%serverStartedTime%:R> 启动 | 最后更新于：<t:%lastUpdateTime%:f>",
    "onlineChannelTopicForMultiServer": ":white_check_mark: %onlinePlayerCount%/%maxPlayerCount% 位玩家在线 | 服务器玩家总数：%uniquePlayerCount% | %onlineServerCount% 个服务器在线 [%onlineServerList%] | 服务器于 <t:%serverStartedTime%:R> 启动 | 最后更新于：<t:%lastUpdateTime%:f>"
  },
  "textsEN": {
    "unformattedResponseMessage": "    ┌──── <%name%> %message%",
    "unformattedChatMessage": "[%server%] <%name%> %message%",
    "unformattedOtherMessage": "[%server%] %message%",
    "formattedResponseMessage": [
      {
        "text": "    ┌──── ",
        "bold": true,
        "color": "dark_gray"
      },
      {
        "text": "<%name%> ",
        "bold": false,
        "color": "%roleColor%"
      },
      {
        "text": "%message%",
        "bold": false,
        "color": "dark_gray"
      }
    ],
    "formattedChatMessage": [
      {
        "text": "[%server%] ",
        "bold": true,
        "color": "blue"
      },
      {
        "text": "<%name%> ",
        "bold": false,
        "color": "%roleColor%"
      },
      {
        "text": "%message%",
        "bold": false,
        "color": "gray"
      }
    ],
    "formattedOtherMessage": [
      {
        "text": "[%server%] ",
        "bold": true,
        "color": "blue"
      },
      {
        "text": "%message%",
        "bold": false,
        "color": "gray"
      }
    ],
    "serverStarted": "**Server started!**",
    "serverStopped": "**Server stopped!**",
    "joinServer": "**%playerName% joined the game**",
    "leftServer": "**%playerName% left the game**",
    "deathMessage": "**%deathMessage%**",
    "advancementTask": "**%playerName% has made the advancement [%advancement%]**",
    "advancementChallenge": "**%playerName% has completed the challenge [%advancement%]**",
    "advancementGoal": "**%playerName% has reached the goal [%advancement%]**",
    "highMspt": "**Server MSPT (%mspt%) is above %msptLimit%!**",
    "consoleLogMessage": "[%time%] [INFO] %message%",
    "offlineChannelTopic": ":x: Server offline | Last updated: <t:%lastUpdateTime%:f>",
    "onlineChannelTopic": ":white_check_mark: %onlinePlayerCount%/%maxPlayerCount% player(s) online | %uniquePlayerCount% unique player(s) ever joined | Server started <t:%serverStartedTime%:R> | Last updated: <t:%lastUpdateTime%:f>",
    "onlineChannelTopicForMultiServer": ":white_check_mark: %onlinePlayerCount%/%maxPlayerCount% player(s) online | %uniquePlayerCount% unique player(s) ever joined | %onlineServerCount% server(s) online [%onlineServerList%] | Server started <t:%serverStartedTime%:R> | Last updated: <t:%lastUpdateTime%:f>"
  }
}